name,type,url,location_or_channel,price_of_comparable_item,what_it_sells,positioning_line,rating,review_count,source_date
IntoGolf (incl. Proware and IkGaGolfen club apps),direct,https://intogolf.nl/,"Netherlands (Bodegraven); web + branded club apps in App Store/Google Play",not published,"All-in-one club software: member administration, tee sheet, POS, invoicing, competitions; branded member apps per club (e.g. Sallandsche, Golfpark Wilnis, De Kroonprins, De Batouwe, Lochemse, Amelisweerd); feeds GOLFGO via its Channel Manager","IntoGolf — Golfmanagement software voor golfclubs (page title)","1.9 (IkGaGolfen v3, Google Play); ~2.0 (App Store)","21 (Google Play); ~20 (App Store)",2026-10-08
Nexxchange (GolfSuite; took over E-Golf4U),direct,https://www.cbinsights.com/compare/nexxchange-vs-the-royal-netherlands-golf-federation,"Austria; cloud, web portal for members; >400 courses in the EU (2023 press release)",not published,"Cloud golf club management (member admin, online tee times, tournaments); taking over E-Golf4U clubs in the Netherlands; tee-time payment via GOLF.NL from Feb 2026",not found,not found,not found,2026-10-08
E-Golf4U (being retired),direct,https://help.e-golf4u.nl/hc/nl/articles/360030262471-Web-app-installeren-op-iOS-Apple,"Netherlands; web app m.eg4u.nl (not in the app stores)","not published; one POS link module from € 11.00 a month (leza.nl)","Club software: scores and Q-cards, competitions, tee times, digital NGF card in a web app. Being discontinued; clubs migrate to Nexxchange, IntoGolf or Golfspot/TeeControl/Parrow",not found,not found,not found,2026-10-08
Golfspot + TeeControl + Parrow (Golfdashboard),direct,https://golfspot.io/,"Netherlands; Golfdashboard is a web app (not in the app stores)",not published,"Best-of-breed stack: Golfspot (customer data platform / member data), TeeControl (cloud tee sheet), Parrow (Dutch competition module), Golfdashboard (member web app). Clubs incl. Bernardus, Kennemer, Bentwoud, Spaarnwoude, De Hooge Rotterdamsche, Amelisweerd, Prise d'Eau","the Customer Data Platform for the golf market (Golfspot)",not found,not found,2026-10-08
GolfBox,direct,https://golfbox.net/golfbox-golf-management,"Denmark; international; web + app",not published,"Member and handicap administration, tee times, kiosk check-in, member/guest app; vendor claims >1,000 clubs and 1.5 million players. Dutch customers not confirmed",not found,not found,not found,2026-10-08
Compu Partner (CompuGolf),direct,https://compupartner.nl/compugolf/mobiele-app/,"Netherlands; mobile app",not published,"Club software with a mobile app (supports GolfBox login where clubs use GolfBox); details could not be read",not found,not found,not found,2026-10-08
Golf Genius (Club App),indirect,https://golfbusinessnews.com/news/management-topics/golf-genius-launches-enhanced-club-app/,"US/international; white-label club app",not published,"Competition software and a fully white-labelled club app; used for competitions by at least one Dutch club until replaced by Parrow (Prise d'Eau)",not found,not found,not found,2026-10-08
GOLF.NL app + GOLFGO (NGF),indirect,https://www.golf.nl/app,"Netherlands; free app (App Store, Google Play)",free for golfers,"Federation app: digital NGF card, scorecards and handicap, tee-time booking at ±65 courses via GOLFGO (linked to IntoGolf/Proware, CPS, eGolf4u/Nexxchange, Lightspeed Golf, Teecontrol), payment at booking since late 2025, 'Zoek en boek' from July 2026; open to non-members since April 2024","Dé app voor golfend Nederland!","4.2 (Google Play); 4.5 (App Store)","~1,900 (Google Play); ~3,200 (App Store)",2026-10-08
CPS / Lightspeed Golf / Teecontrol (tee-sheet systems),indirect,https://www.ngf.nl/caddie/baanmanagement/golfgo,"Netherlands; tee-sheet software connected to GOLFGO",not published,"Tee-time booking systems used by Dutch courses; read automatically by GOLFGO. Details on CPS and Lightspeed Golf in NL not found",not found,not found,not found,2026-10-08
Golf@ (golf-at),indirect,https://apps.apple.com/nl/app/golf-at-voor-golfers-golfclubs-en-de-golfpro/id933973704,"Netherlands; free app",free,"Meeting platform for golfers, clubs and pros (find flights, club activities); last listed update 2016","Golf@ is het ontmoetingsplatform voor golfers, golfclubs en golfpro's",3.0 (App Store),2,2026-10-08
Club website + e-mail + phone at the desk,substitute,,"Every club",staff/volunteer time,"Members book by phone or the club website, read news by e-mail newsletter, settle the bar tab at the bar; no app",n/a,n/a,n/a,2026-10-08
